{
  "project_info": {
    "project_number": "1079638096861",
    "firebase_url": "https://mapis-45f1a.firebaseio.com",
    "project_id": "mapis-45f1a",
    "storage_bucket": "mapis-45f1a.appspot.com"
  },
  "client": [
    {
      "client_info": {
        "mobilesdk_app_id": "1:1079638096861:android:8a17d6cd5c2fea23",
        "android_client_info": {
          "package_name": "com.example.theyan.mapis"
        }
      },
      "oauth_client": [
        {
          "client_id": "1079638096861-i5qgphq6nqdr0t6fllsa7ekrbp1up4de.apps.googleusercontent.com",
          "client_type": 1,
          "android_info": {
            "package_name": "com.example.theyan.mapis",
            "certificate_hash": "544472d305ea82b2b1b04cf7ca76213c57ee09ec"
          }
        },
        {
          "client_id": "1079638096861-otlq7rs9013en9t7clo9kq5sndase77n.apps.googleusercontent.com",
          "client_type": 3
        }
      ],
      "api_key": [
        {
          "current_key": "AIzaSyAkda6niHDy0Nb0UBYs87UzrzQ43Lcl2b4"
        }
      ],
      "services": {
        "analytics_service": {
          "status": 1
        },
        "appinvite_service": {
          "status": 2,
          "other_platform_oauth_client": [
            {
              "client_id": "1079638096861-otlq7rs9013en9t7clo9kq5sndase77n.apps.googleusercontent.com",
              "client_type": 3
            }
          ]
        },
        "ads_service": {
          "status": 2
        }
      }
    }
  ],
  "configuration_version": "1"
}